width,height,window_size,C,time_seconds
600,397,31,10,0.0295249
4000,3000,31,10,0.370855
